author	title	tlgAuthor	tlgId	lang	date	genre	subgenre
Achilles Tatius	Leucippe and Clitophon	0532	001	grc	120	Narrative	Novel
Aelian	De Natura Animalium	0545	001	grc	230	Technical	Natural History
Aelian	Epistulae Rusticae	0545	003	grc	230	Letters	Letters
Aelian	Varia Historia	0545	002	grc	200	Essays	Miscellanea
Aeneas Tacticus	Poliorcetica	0058	001	grc	-350	Technical	Military
Aeschines	Against Ctesiphon	0026	003	grc	-330	Oratory	Oratory
Aeschines	Against Timarchus	0026	001	grc	-347	Oratory	Oratory
Aeschines	The Speech on the Embassy	0026	002	grc	-336	Oratory	Oratory
Aeschylus	Agamemnon	0085	005	grc	-458	Tragedy	Tragedy
Aeschylus	Eumenides	0085	007	grc	-458	Tragedy	Tragedy
Aeschylus	Libation Bearers	0085	006	grc	-458	Tragedy	Tragedy
Aeschylus	Persians	0085	002	grc	-472	Tragedy	Tragedy
Aeschylus	Prometheus Bound	0085	003	grc	-457	Tragedy	Tragedy
Aeschylus	Seven Against Thebes	0085	004	grc	-467	Tragedy	Tragedy
Aeschylus	Suppliant Maidens	0085	001	grc	-463	Tragedy	Tragedy
Agathemerus	Geographiae Informatio	0090	001	grc	250	Technical	Geography
Andocides	Against Alcibiades	0027	004	grc	-415	Oratory	Oratory
Andocides	On His Return	0027	002	grc	-411	Oratory	Oratory
Andocides	On the Mysteries	0027	001	grc	-415	Oratory	Oratory
Andocides	On the Peace	0027	003	grc	-393	Oratory	Oratory
Antiphon	First Tetralogy	0028	002	grc	-425	Oratory	Oratory
Antiphon	On the Choreutes	0028	006	grc	-419	Oratory	Oratory
Antiphon	On the Murder of Herodes	0028	005	grc	-425	Oratory	Oratory
Antiphon	Prosecution Of The Stepmother For Poisoning	0028	001	grc	-415	Oratory	Oratory
Antiphon	Second Tetralogy	0028	003	grc	-425	Oratory	Oratory
Antiphon	Third Tetralogy	0028	004	grc	-425	Oratory	Oratory
Apollonius Rhodius	Argonautica	0001	001	grc	-245	Poetry	Epic
Appian	Gallic History	0551	005	grc	165	Narrative	History
Appian	Hannibalic War	0551	008	grc	165	Narrative	History
Appian	Illyrian Wars	0551	012	grc	165	Narrative	History
Appian	Italy	0551	003	grc	165	Narrative	History
Appian	Kings	0551	002	grc	165	Narrative	History
Appian	Macedonian Affairs	0551	011	grc	165	Narrative	History
Appian	Mithridatic Wars	0551	014	grc	165	Narrative	History
Appian	Numidian Affairs	0551	010	grc	165	Narrative	History
Appian	Punic Wars	0551	009	grc	165	Narrative	History
Appian	Samnite History	0551	004	grc	165	Narrative	History
Appian	Sicily and the Other Islands	0551	006	grc	165	Narrative	History
Appian	Syrian Wars	0551	013	grc	165	Narrative	History
Appian	The Civil Wars	0551	017	grc	165	Narrative	History
Appian	Wars in Spain	0551	007	grc	165	Narrative	History
Aratus	Phaenomena	0653	001	grc	-276	Poetry	Didactic
Aretaeus	De causis et signis acutorum morborum	0719	001	grc	100	Technical	Medicine
Aretaeus	De causis et signis diuturnorum morborum	0719	002	grc	100	Technical	Medicine
Aretaeus	De curatione acutorum morborum	0719	003	grc	100	Technical	Medicine
Aretaeus	De curatione diuturnorum morborum	0719	004	grc	100	Technical	Medicine
Aristides, Aelius	Orationes 1 Dindorf 43 Keil	0284	001	grc	149	Oratory	Oratory
Aristides, Aelius	Orationes 10 Dindorf 30 Keil	0284	010	grc	147	Oratory	Oratory
Aristides, Aelius	Orationes 11 Dindorf 31 Keil	0284	011	grc	161	Oratory	Oratory
Aristides, Aelius	Orationes 12 Dindorf 32 Keil	0284	012	grc	150	Oratory	Oratory
Aristides, Aelius	Orationes 13 Dindorf 1 Keil	0284	013	grc	155	Oratory	Oratory
Aristides, Aelius	Orationes 14 Dindorf 26 Keil	0284	014	grc	155	Oratory	Oratory
Aristides, Aelius	Orationes 15 Dindorf 17 Keil	0284	015	grc	157	Oratory	Oratory
Aristides, Aelius	Orationes 16 Dindorf 27 Keil	0284	016	grc	166	Oratory	Oratory
Aristides, Aelius	Orationes 17 Dindorf 44 Keil	0284	017	grc	155	Oratory	Oratory
Aristides, Aelius	Orationes 18 Dindorf 39 Keil	0284	018	grc	167	Oratory	Oratory
Aristides, Aelius	Orationes 19 Dindorf 22 Keil	0284	019	grc	171	Oratory	Oratory
Aristides, Aelius	Orationes 2 Dindorf 37 Keil	0284	002	grc	153	Oratory	Oratory
Aristides, Aelius	Orationes 20 Dindorf 18 Keil	0284	020	grc	177	Oratory	Oratory
Aristides, Aelius	Orationes 21 Dindorf 20 Keil	0284	021	grc	177	Oratory	Oratory
Aristides, Aelius	Orationes 22 Dindorf 21 Keil	0284	022	grc	177	Oratory	Oratory
Aristides, Aelius	Orationes 23 Dindorf 47 Keil	0284	023	grc	171	Oratory	Oratory
Aristides, Aelius	Orationes 24 Dindorf 48 Keil	0284	024	grc	171	Oratory	Oratory
Aristides, Aelius	Orationes 25 Dindorf 49 Keil	0284	025	grc	171	Oratory	Oratory
Aristides, Aelius	Orationes 26 Dindorf 50 Keil	0284	026	grc	171	Oratory	Oratory
Aristides, Aelius	Orationes 27 Dindorf 51 Keil	0284	027	grc	171	Oratory	Oratory
Aristides, Aelius	Orationes 28 Dindorf 52 Keil	0284	028	grc	171	Oratory	Oratory
Aristides, Aelius	Orationes 29 Dindorf 5 Keil	0284	029	grc	150	Oratory	Oratory
Aristides, Aelius	Orationes 3 Dindorf 46 Keil	0284	003	grc	156	Oratory	Oratory
Aristides, Aelius	Orationes 30 Dindorf 6 Keil	0284	030	grc	150	Oratory	Oratory
Aristides, Aelius	Orationes 31 Dindorf 7 Keil	0284	031	grc	150	Oratory	Oratory
Aristides, Aelius	Orationes 32 Dindorf 8 Keil	0284	032	grc	150	Oratory	Oratory
Aristides, Aelius	Orationes 33 Dindorf 11 Keil	0284	033	grc	150	Oratory	Oratory
Aristides, Aelius	Orationes 34 Dindorf 12 Keil	0284	034	grc	150	Oratory	Oratory
Aristides, Aelius	Orationes 35 Dindorf 13 Keil	0284	035	grc	150	Oratory	Oratory
Aristides, Aelius	Orationes 36 Dindorf 14 Keil	0284	036	grc	150	Oratory	Oratory
Aristides, Aelius	Orationes 37 Dindorf 15 Keil	0284	037	grc	150	Oratory	Oratory
Aristides, Aelius	Orationes 38 Dindorf 9 Keil	0284	038	grc	150	Oratory	Oratory
Aristides, Aelius	Orationes 39 Dindorf 10 Keil	0284	039	grc	150	Oratory	Oratory
Aristides, Aelius	Orationes 4 Dindorf 41 Keil	0284	004	grc	145	Oratory	Oratory
Aristides, Aelius	Orationes 40 Dindorf 29 Keil	0284	040	grc	165	Oratory	Oratory
Aristides, Aelius	Orationes 41 Dindorf 19 Keil	0284	041	grc	177	Oratory	Oratory
Aristides, Aelius	Orationes 42 Dindorf 23 Keil	0284	042	grc	167	Oratory	Oratory
Aristides, Aelius	Orationes 43 Dindorf 25 Keil (sp.)	0284	043	grc	142	Oratory	Oratory
Aristides, Aelius	Orationes 44 Dindorf 24 Keil	0284	044	grc	149	Oratory	Oratory
Aristides, Aelius	Orationes 45 Dindorf 2 Keil	0284	045	grc	145	Oratory	Oratory
Aristides, Aelius	Orationes 46 Dindorf 3 Keil	0284	046	grc	161	Oratory	Oratory
Aristides, Aelius	Orationes 47 Dindorf 4 Keil	0284	047	grc	147	Oratory	Oratory
Aristides, Aelius	Orationes 48 Dindorf 36 Keil	0284	048	grc	148	Oratory	Oratory
Aristides, Aelius	Orationes 49 Dindorf 28 Keil	0284	049	grc	145	Oratory	Oratory
Aristides, Aelius	Orationes 5 Dindorf 40 Keil	0284	005	grc	166	Oratory	Oratory
Aristides, Aelius	Orationes 50 Dindorf 34 Keil	0284	050	grc	170	Oratory	Oratory
Aristides, Aelius	Orationes 51 Dindorf 33 Keil	0284	051	grc	166	Oratory	Oratory
Aristides, Aelius	Orationes 52 Dindorf 16 Keil	0284	052	grc	150	Oratory	Oratory
Aristides, Aelius	Orationes 53 Dindorf 53 Keil (sp.)	0284	053	grc	150	Oratory	Oratory
Aristides, Aelius	Orationes 54 Dindorf 54 Keil (sp.)	0284	054	grc	150	Oratory	Oratory
Aristides, Aelius	Orationes 55 Dindorf 53 Keil	0284	055	grc	180	Oratory	Oratory
Aristides, Aelius	Orationes 6 Dindorf 42 Keil	0284	006	grc	177	Oratory	Oratory
Aristides, Aelius	Orationes 7 Dindorf 38 Keil	0284	007	grc	147	Oratory	Oratory
Aristides, Aelius	Orationes 8 Dindorf 45 Keil	0284	008	grc	142	Oratory	Oratory
Aristides, Aelius	Orationes 9 Dindorf 35 Keil (sp.)	0284	009	grc	246	Oratory	Oratory
Aristophanes	Acharnians	0019	001	grc	-425	Comedy	Comedy
Aristophanes	Birds	0019	006	grc	-414	Comedy	Comedy
Aristophanes	Clouds	0019	003	grc	-423	Comedy	Comedy
Aristophanes	Ecclesiazusae	0019	010	grc	-392	Comedy	Comedy
Aristophanes	Frogs	0019	009	grc	-405	Comedy	Comedy
Aristophanes	Knights	0019	002	grc	-424	Comedy	Comedy
Aristophanes	Lysistrata	0019	007	grc	-411	Comedy	Comedy
Aristophanes	Peace	0019	005	grc	-421	Comedy	Comedy
Aristophanes	Plutus	0019	011	grc	-388	Comedy	Comedy
Aristophanes	Thesmophoriazusae	0019	008	grc	-411	Comedy	Comedy
Aristophanes	Wasps	0019	004	grc	-422	Comedy	Comedy
Aristotle	Analytica priora et posteriora	0086	001	grc	-335	Technical	Science
Aristotle	Ars Poetica	0086	034	grc	-335	Technical	Rhetoric, poetics, criticism
Aristotle	Athenian Constitution	0086	003	grc	-335	Technical	Politics
Aristotle	Categories	0086	006	grc	-335	Philosophy	Philosophy
Aristotle	De Insomniis	0086	016	grc	-335	Technical	Science
Aristotle	De Interpretatione	0086	017	grc	-335	Philosophy	Philosophy
Aristotle	De Mundo	0086	028	grc	-335	Technical	Science
Aristotle	De Respiratione	0086	037	grc	-335	Technical	Science
Aristotle	De Sensu et Sensibilibus	0086	041	grc	-335	Technical	Science
Aristotle	De divinatione per somnum	0086	008	grc	-335	Technical	Science
Aristotle	De juventute et senectute, De vita et morte	0086	018	grc	-335	Technical	Science
Aristotle	De longitudine et brevitate vitae	0086	020	grc	-335	Technical	Science
Aristotle	De memoria et reminiscentia	0086	024	grc	-335	Technical	Science
Aristotle	De somno et vigilia	0086	042	grc	-335	Technical	Science
Aristotle	Economics	0086	029	grc	-335	Philosophy	Philosophy
Aristotle	Eudemian Ethics	0086	009	grc	-335	Philosophy	Philosophy
Aristotle	Metaphysics	0086	025	grc	-335	Philosophy	Philosophy
Aristotle	Nicomachean Ethics	0086	010	grc	-335	Philosophy	Philosophy
Aristotle	Oeconomica II	0086	029	grc	-335	Philosophy	Philosophy
Aristotle	Politics	0086	035	grc	-335	Philosophy	Philosophy
Aristotle	Rhetoric	0086	038	grc	-335	Technical	Rhetoric, poetics, criticism
Aristotle	Virtues and Vices	0086	045	grc	-335	Philosophy	Philosophy
Arrian	Acies Contra Alanos	0074	006	grc	120	Narrative	History
Arrian	Anabasis	0074	001	grc	120	Narrative	History
Arrian	Cynegeticus	0074	003	grc	120	Technical	Hunting
Arrian	Indica	0074	002	grc	120	Narrative	History
Arrian	Periplus Ponti Euxini	0074	004	grc	120	Technical	Geography
Arrian	Tactica	0074	005	grc	136	Technical	Military
Asclepiodotus	Tactica	0556	001	grc	-35	Technical	Military
Athenaeus	Deipnosophistae	0008	001	grc	228	Essays	Miscellanea
Barnabas	Barnabae Epistula	1216	001	grc	130	Religion	Theology
Basilius	De legendis gentilium libris	2040	002	grc	365	Religion	Homily
Basilius	Epistulae	2040	004	grc	365	Letters	Letters
Bion of Phlossa	Epitaphius Adonis	0036	001	grc	-100	Poetry	Bucolic
Bion of Phlossa	Epithalamium Achillis et Deidameiae	0036	002	grc	-100	Poetry	Bucolic
Callimachus	Epigrams	0533	003	grc	-270	Poetry	Epigrams
Callimachus	Epigrams, Fragmenta	0533	004	grc	-270	Poetry	Epigrams
Callimachus	Hymn to Apollo	0533	016	grc	-270	Religion	Hymns
Callimachus	Hymn to Artemis	0533	017	grc	-270	Religion	Hymns
Callimachus	Hymn to Athena	0533	019	grc	-270	Religion	Hymns
Callimachus	Hymn to Delos	0533	018	grc	-270	Religion	Hymns
Callimachus	Hymn to Demeter	0533	020	grc	-270	Religion	Hymns
Callimachus	Hymn to Zeus	0533	015	grc	-270	Religion	Hymns
Callistratus	Statuarum Descriptiones	4091	001	grc	350	Technical	Art History
Cassius Dio	Historiae Romanae	0385	001	grc	229	Narrative	History
Chariton	Chaereas and Callirhoe	0554	001	grc	100	Narrative	Novel
Claudius Ptolemy	Tetrabiblos	0363	007	grc	160	Technical	Mathematics
Clement of Alexandria	Exhortation to Endurance, or to the Newly Baptized	0555	008	grc	195	Religion	Protreptics
Clement of Alexandria	Protrepticus	0555	001	grc	195	Religion	Protreptics
Clement of Alexandria	Quis Dis Salvetur	0555	006	grc	195	Religion	Theology
Demades	On the Twelve Years	0535	001	grc	-326	Oratory	Oratory
Demetrius	De Elocutione	0613	001	grc	-200	Technical	Rhetoric, poetics, criticism
Demosthenes	Against Androtion	0014	022	grc	-355	Oratory	Oratory
Demosthenes	Against Apaturius	0014	033	grc	-341	Oratory	Oratory
Demosthenes	Against Aphobus 1	0014	027	grc	-364	Oratory	Oratory
Demosthenes	Against Aphobus 2	0014	028	grc	-364	Oratory	Oratory
Demosthenes	Against Aphobus 3	0014	029	grc	-364	Oratory	Oratory
Demosthenes	Against Aristocrates	0014	023	grc	-352	Oratory	Oratory
Demosthenes	Against Aristogeiton 1	0014	025	grc	-338	Oratory	Oratory
Demosthenes	Against Aristogeiton 2	0014	026	grc	-338	Oratory	Oratory
Demosthenes	Against Boeotus 1	0014	039	grc	-349	Oratory	Oratory
Demosthenes	Against Boeotus 2	0014	040	grc	-347	Oratory	Oratory
Demosthenes	Against Callicles	0014	055	grc	-350	Oratory	Oratory
Demosthenes	Against Conon	0014	054	grc	-355	Oratory	Oratory
Demosthenes	Against Dionysodorus	0014	056	grc	-323	Oratory	Oratory
Demosthenes	Against Eubulides	0014	057	grc	-345	Oratory	Oratory
Demosthenes	Against Evergus And Mnesibulus	0014	047	grc	-355	Oratory	Oratory
Demosthenes	Against Lacritus	0014	035	grc	-351	Oratory	Oratory
Demosthenes	Against Leochares	0014	044	grc	-356	Oratory	Oratory
Demosthenes	Against Leptines	0014	020	grc	-355	Oratory	Oratory
Demosthenes	Against Macartatus	0014	043	grc	-340	Oratory	Oratory
Demosthenes	Against Nausimachus and Xenopeithes	0014	038	grc	-346	Oratory	Oratory
Demosthenes	Against Olympiodorus	0014	048	grc	-341	Oratory	Oratory
Demosthenes	Against Onetor 1	0014	030	grc	-362	Oratory	Oratory
Demosthenes	Against Onetor 2	0014	031	grc	-362	Oratory	Oratory
Demosthenes	Against Pantaenetus	0014	037	grc	-346	Oratory	Oratory
Demosthenes	Against Phaenippus	0014	042	grc	-330	Oratory	Oratory
Demosthenes	Against Phormio	0014	034	grc	-327	Oratory	Oratory
Demosthenes	Against Spudias	0014	041	grc	-355	Oratory	Oratory
Demosthenes	Against Theocrines	0014	058	grc	-341	Oratory	Oratory
Demosthenes	Against Timocrates	0014	024	grc	-353	Oratory	Oratory
Demosthenes	Against Zenothemis	0014	032	grc	-345	Oratory	Oratory
Demosthenes	Answer to Philip's Letter	0014	011	grc	-340	Letters	Letters
Demosthenes	Apollodorus Against Callipus	0014	052	grc	-369	Oratory	Oratory
Demosthenes	Apollodorus Against Nicostratus	0014	053	grc	-366	Oratory	Oratory
Demosthenes	Apollodorus Against Polycles	0014	050	grc	-362	Oratory	Oratory
Demosthenes	Apollodorus Against Timotheus	0014	049	grc	-368	Oratory	Oratory
Demosthenes	First Olynthiac	0014	001	grc	-349	Oratory	Oratory
Demosthenes	First Philippic	0014	004	grc	-351	Oratory	Oratory
Demosthenes	For Phormio	0014	036	grc	-350	Oratory	Oratory
Demosthenes	For the Liberty of the Rhodians	0014	015	grc	-351	Oratory	Oratory
Demosthenes	For the Megalopolitans	0014	016	grc	-352	Oratory	Oratory
Demosthenes	Fourth Philippic	0014	010	grc	-341	Oratory	Oratory
Demosthenes	On Halonnesus	0014	007	grc	-342	Oratory	Oratory
Demosthenes	On The Trierarchic Crown	0014	051	grc	-359	Oratory	Oratory
Demosthenes	On the Accession of Alexander	0014	017	grc	-332	Oratory	Oratory
Demosthenes	On the Chersonese	0014	008	grc	-341	Oratory	Oratory
Demosthenes	On the Crown	0014	018	grc	-330	Oratory	Oratory
Demosthenes	On the False Embassy	0014	019	grc	-343	Oratory	Oratory
Demosthenes	On the Navy-Boards	0014	014	grc	-354	Oratory	Oratory
Demosthenes	On the Peace	0014	005	grc	-346	Oratory	Oratory
Demosthenes	On the Public Fund	0014	013	grc	-355	Oratory	Oratory
Demosthenes	Philip's Letter	0014	012	grc	-340	Letters	Letters
Demosthenes	Second Olynthiac	0014	002	grc	-349	Oratory	Oratory
Demosthenes	Second Philippic	0014	006	grc	-344	Oratory	Oratory
Demosthenes	The Erotic Essay	0014	061	grc	-345	Oratory	Oratory
Demosthenes	The Funeral Speech 51-61	0014	060	grc	-338	Oratory	Oratory
Demosthenes	Third Olynthiac	0014	003	grc	-349	Oratory	Oratory
Demosthenes	Third Philippic	0014	009	grc	-341	Oratory	Oratory
Demosthenes	κατὰ Μειδίου περὶ τοῦ Κονδύλου	0014	021	grc	-347	Oratory	Oratory
Demosthenes	Against Stephanus 2	0014	046	grc	-349	Oratory	Oratory
Demosthenes	Against Neaera	0014	059	grc	-343	Oratory	Oratory
Demosthenes	Against Stephanus 1	0014	045	grc	-349	Oratory	Oratory
Dinarchus	Against Aristogiton	0029	005	grc	-323	Oratory	Oratory
Dinarchus	Against Demosthenes	0029	004	grc	-323	Oratory	Oratory
Dinarchus	Against Philocles	0029	006	grc	-323	Oratory	Oratory
Dio Chrysostom	Orations	0612	001	grc	90	Oratory	Oratory
Diodorus Siculus	Bibliotheca Historica, Books I-V	0060	001	grc	-35	Narrative	History
Diodorus Siculus	Bibliotheca Historica, Books XI-XVII	0060	001	grc	-35	Narrative	History
Diodorus Siculus	Bibliotheca Historica, Books XVIII-XX	0060	001	grc	-35	Narrative	History
Diogenes Laertius	Lives of Eminent Philosophers	0004	001	grc	230	Narrative	Biography
Dionysius of Halicarnassus	Ad Ammaeum	0081	008	grc	-10	Technical	Rhetoric, poetics, criticism
Dionysius of Halicarnassus	Antiquitates Romanae, Books I-X	0081	001	grc	-8	Narrative	History
Dionysius of Halicarnassus	De Compositione Verborum	0081	012	grc	-10	Technical	Rhetoric, poetics, criticism
Dionysius of Halicarnassus	De Demosthene	0081	006	grc	-10	Technical	Rhetoric, poetics, criticism
Dionysius of Halicarnassus	De Dinarcho	0081	009	grc	-10	Technical	Rhetoric, poetics, criticism
Dionysius of Halicarnassus	De Isaeo	0081	005	grc	-10	Technical	Rhetoric, poetics, criticism
Dionysius of Halicarnassus	De Isocrate	0081	004	grc	-10	Technical	Rhetoric, poetics, criticism
Dionysius of Halicarnassus	De Lysia	0081	003	grc	-10	Technical	Rhetoric, poetics, criticism
Dionysius of Halicarnassus	De Thucydide	0081	010	grc	-10	Technical	Rhetoric, poetics, criticism
Dionysius of Halicarnassus	De Thucydidis idiomatibus (epistula ad Ammaeum)	0081	011	grc	-10	Technical	Rhetoric, poetics, criticism
Dionysius of Halicarnassus	De antiquis oratoribus	0081	002	grc	-10	Technical	Rhetoric, poetics, criticism
Dionysius of Halicarnassus	Epistula ad Pompeium Geminum	0081	015	grc	-10	Technical	Rhetoric, poetics, criticism
Dionysius of Halicarnassus	Libri secundi de antiquis oratoribus reliquiae	0081	007	grc	-10	Technical	Rhetoric, poetics, criticism
Epictetus	Discourses	0557	001	grc	108	Philosophy	Philosophy
Epictetus	Enchiridion	0557	002	grc	108	Philosophy	Philosophy
Epictetus	Fragments	0557	003	grc	108	Philosophy	Philosophy
Epicurus	Epistula ad Menoeceum	0537	012	grc	-290	Letters	Letters
Euclides	Elements	1799	001	grc	-300	Technical	Mathematics
Euripides	Bacchae	0006	017	grc	-407	Tragedy	Tragedy
Euripides	Electra	0006	012	grc	-416	Tragedy	Tragedy
Euripides	Hecuba	0006	007	grc	-423	Tragedy	Tragedy
Euripides	Helen	0006	014	grc	-412	Tragedy	Tragedy
Euripides	Heracles	0006	009	grc	-417	Tragedy	Tragedy
Euripides	Ion	0006	010	grc	-410	Tragedy	Tragedy
Euripides	Iphigenia in Aulis	0006	018	grc	-408	Tragedy	Tragedy
Euripides	Iphigenia in Tauris	0006	013	grc	-412	Tragedy	Tragedy
Euripides	Orestes	0006	016	grc	-408	Tragedy	Tragedy
Euripides	Phoenissae	0006	015	grc	-409	Tragedy	Tragedy
Euripides	Rhesus	0006	019	grc	-445	Tragedy	Tragedy
Euripides	Suppliants	0006	008	grc	-423	Tragedy	Tragedy
Euripides	Trojan Women	0006	011	grc	-415	Tragedy	Tragedy
Eusebius of Caesarea	Historia Ecclesiastica	2018	002	grc	313	Narrative	Church history
Flavius Josephus	Antiquitates Judaicae	0526	001	grc	93	Narrative	History
Flavius Josephus	Contra Apionem	0526	003	grc	95	Narrative	History
Flavius Josephus	De bello Judaico	0526	004	grc	78	Narrative	History
Flavius Josephus	Josephi vita	0526	002	grc	100	Narrative	Biography
Galen	On the Natural Faculties	0057	010	grc	170	Technical	Medicine
Harpocration	Lexicon in decem oratores Atticos	1389	001	grc	175	Technical	Grammar
Herodotus	Histories	0016	001	grc	-430	Narrative	History
Hesiod	Shield of Heracles	0020	003	grc	-700	Poetry	Epic
Hesiod	Theogony	0020	001	grc	-700	Poetry	Epic
Hesiod	Works and Days	0020	002	grc	-700	Poetry	Epic
Hippocrates	Aphorisms	0627	012	grc	-420	Technical	Medicine
Hippocrates	De aere aquis et locis	0627	002	grc	-420	Technical	Medicine
Hippocrates	De alimento	0627	046	grc	-350	Technical	Medicine
Hippocrates	De diaeta in morbis acutis	0627	005	grc	-420	Technical	Medicine
Hippocrates	De officina medici	0627	008	grc	-420	Technical	Medicine
Hippocrates	Mochlicus or Instruments of Reduction	0627	011	grc	-420	Technical	Medicine
Hippocrates	Of the Epidemics	0627	006	grc	-420	Technical	Medicine
Hippocrates	On Ancient Medicine	0627	001	grc	-420	Technical	Medicine
Hippocrates	On Fistulae	0627	030	grc	-420	Technical	Medicine
Hippocrates	On Fractures	0627	009	grc	-420	Technical	Medicine
Hippocrates	On Hemorrhoids	0627	029	grc	-420	Technical	Medicine
Hippocrates	On Injuries of the Head	0627	007	grc	-420	Technical	Medicine
Hippocrates	On Regimen in Acute Diseases	0627	004	grc	-420	Technical	Medicine
Hippocrates	On Ulcers	0627	028	grc	-420	Technical	Medicine
Hippocrates	On the Articulations	0627	010	grc	-420	Technical	Medicine
Hippocrates	On the Sacred Disease	0627	027	grc	-420	Technical	Medicine
Hippocrates	Precepts	0627	051	grc	-420	Technical	Medicine
Hippocrates	The Book of Prognostics	0627	003	grc	-420	Technical	Medicine
Hippocrates	The Oath	0627	013	grc	-420	Technical	Medicine
Homer	Iliad	0012	001	grc	-800	Poetry	Epic
Homer	Odyssey	0012	002	grc	-800	Poetry	Epic
Hymns	Hymn 01 To Dionysus	0013	001	grc	-650	Religion	Hymns
Hymns	Hymn 02 To Demeter	0013	002	grc	-650	Religion	Hymns
Hymns	Hymn 03 To Apollo	0013	003	grc	-650	Religion	Hymns
Hymns	Hymn 04 To Hermes	0013	004	grc	-650	Religion	Hymns
Hymns	Hymn 05 To Aphrodite	0013	005	grc	-650	Religion	Hymns
Hymns	Hymn 06 To Aphrodite	0013	006	grc	-650	Religion	Hymns
Hymns	Hymn 07 To Dionysus	0013	007	grc	-650	Religion	Hymns
Hymns	Hymn 08 To Ares	0013	008	grc	-650	Religion	Hymns
Hymns	Hymn 09 To Artemis	0013	009	grc	-650	Religion	Hymns
Hymns	Hymn 10 To Aphrodite	0013	010	grc	-650	Religion	Hymns
Hymns	Hymn 11 To Athena	0013	011	grc	-650	Religion	Hymns
Hymns	Hymn 12 To Hera	0013	012	grc	-650	Religion	Hymns
Hymns	Hymn 13 To Demeter	0013	013	grc	-650	Religion	Hymns
Hymns	Hymn 14 to the Mother of the Gods	0013	014	grc	-650	Religion	Hymns
Hymns	Hymn 15 To Heracles the Lion-Hearted	0013	015	grc	-650	Religion	Hymns
Hymns	Hymn 16 To Asclepius	0013	016	grc	-650	Religion	Hymns
Hymns	Hymn 17 To the Dioscuri	0013	017	grc	-650	Religion	Hymns
Hymns	Hymn 18 To Hermes	0013	018	grc	-650	Religion	Hymns
Hymns	Hymn 19 to Pan	0013	019	grc	-650	Religion	Hymns
Hymns	Hymn 20 To Hephaestus	0013	020	grc	-650	Religion	Hymns
Hymns	Hymn 21 To Apollo	0013	021	grc	-650	Religion	Hymns
Hymns	Hymn 22 To Poseidon	0013	022	grc	-650	Religion	Hymns
Hymns	Hymn 23 to Zeus	0013	023	grc	-650	Religion	Hymns
Hymns	Hymn 24 To Hestia	0013	024	grc	-650	Religion	Hymns
Hymns	Hymn 25 To the Muses and Apollo	0013	025	grc	-650	Religion	Hymns
Hymns	Hymn 26 To Dionysus	0013	026	grc	-650	Religion	Hymns
Hymns	Hymn 27 To Artemis	0013	027	grc	-650	Religion	Hymns
Hymns	Hymn 28 To Athena	0013	028	grc	-650	Religion	Hymns
Hymns	Hymn 29 To Hestia	0013	029	grc	-650	Religion	Hymns
Hymns	Hymn 30 To Earth	0013	030	grc	-650	Religion	Hymns
Hymns	Hymn 31 To Helios	0013	031	grc	-650	Religion	Hymns
Hymns	Hymn 32 To Selene	0013	032	grc	-650	Religion	Hymns
Hymns	Hymn 33 To the Dioscuri	0013	033	grc	-650	Religion	Hymns
Hyperides	Against Athenogenes	0030	003	grc	-325	Oratory	Oratory
Hyperides	Against Demosthenes	0030	005	grc	-332	Oratory	Oratory
Hyperides	Against Philippides	0030	002	grc	-337	Oratory	Oratory
Hyperides	Funeral Speech	0030	006	grc	-322	Oratory	Oratory
Hyperides	In Defence of Euxenippus	0030	004	grc	-330	Oratory	Oratory
Hyperides	In Defence of Lycophron	0030	001	grc	-333	Oratory	Oratory
Isaeus	On Behalf of Euphiletus	0017	012	grc	-344	Oratory	Oratory
Isaeus	On The Estate Of Aristarchus	0017	010	grc	-355	Oratory	Oratory
Isaeus	On The Estate Of Pyrrhus	0017	003	grc	-389	Oratory	Oratory
Isaeus	On The Estate of Apollodorus	0017	007	grc	-354	Oratory	Oratory
Isaeus	On The Estate of Ciron	0017	008	grc	-365	Oratory	Oratory
Isaeus	On The Estate of Cleonymus	0017	001	grc	-355	Oratory	Oratory
Isaeus	On the Estate of Astyphilus	0017	009	grc	-360	Oratory	Oratory
Isaeus	On the Estate of Dicaeogenes	0017	005	grc	-389	Oratory	Oratory
Isaeus	On the Estate of Hagnias	0017	011	grc	-355	Oratory	Oratory
Isaeus	On the Estate of Menecles	0017	002	grc	-354	Oratory	Oratory
Isaeus	On the Estate of Nicostratus	0017	004	grc	-350	Oratory	Oratory
Isaeus	On the Estate of Philoctemon	0017	006	grc	-364	Oratory	Oratory
Isocrates	Aegineticus	0010	006	grc	-391	Oratory	Oratory
Isocrates	Against Callimachus	0010	002	grc	-402	Oratory	Oratory
Isocrates	Against Euthynus	0010	001	grc	-403	Oratory	Oratory
Isocrates	Against Lochites	0010	003	grc	-394	Oratory	Oratory
Isocrates	Against the Sophists	0010	008	grc	-390	Oratory	Oratory
Isocrates	Antidosis	0010	019	grc	-354	Oratory	Oratory
Isocrates	Archidamus	0010	016	grc	-366	Oratory	Oratory
Isocrates	Areopagiticus	0010	018	grc	-357	Oratory	Oratory
Isocrates	Busiris	0010	010	grc	-391	Oratory	Oratory
Isocrates	Concerning the Team of Horses	0010	004	grc	-397	Oratory	Oratory
Isocrates	Evagoras	0010	015	grc	-370	Oratory	Oratory
Isocrates	Helen	0010	009	grc	-370	Oratory	Oratory
Isocrates	Letter 1	0010	022	grc	-367	Letters	Letters
Isocrates	Letter 2	0010	027	grc	-342	Letters	Letters
Isocrates	Letter 3	0010	030	grc	-338	Letters	Letters
Isocrates	Letter 4	0010	029	grc	-340	Letters	Letters
Isocrates	Letter 5	0010	028	grc	-342	Letters	Letters
Isocrates	Letter 6	0010	023	grc	-359	Letters	Letters
Isocrates	Letter 7	0010	026	grc	-345	Letters	Letters
Isocrates	Letter 8	0010	025	grc	-350	Letters	Letters
Isocrates	Letter 9	0010	024	grc	-356	Letters	Letters
Isocrates	Nicocles or the Cyprians	0010	014	grc	-372	Oratory	Oratory
Isocrates	On the Peace	0010	017	grc	-355	Oratory	Oratory
Isocrates	Panathenaicus	0010	021	grc	-339	Oratory	Oratory
Isocrates	Panegyricus	0010	011	grc	-380	Oratory	Oratory
Isocrates	Plataicus	0010	012	grc	-370	Oratory	Oratory
Isocrates	To Demonicus	0010	007	grc	-374	Oratory	Oratory
Isocrates	To Nicocles	0010	013	grc	-374	Oratory	Oratory
Isocrates	To Philip	0010	020	grc	-346	Oratory	Oratory
Isocrates	Trapeziticus	0010	005	grc	-393	Oratory	Oratory
Julian the Emperor	A Consolation to Himself Upon the Departure of the Excellent Sallust	2003	004	grc	359	Oratory	Oratory
Julian the Emperor	Contra Galilaeos	2003	017	grc	362	Essays	Essay
Julian the Emperor	Epistula ad Themistium	2003	006	grc	362	Letters	Letters
Julian the Emperor	Epistulae	2003	013	grc	359	Letters	Letters
Julian the Emperor	Hymn to King Helios Dedicated to Sallus	2003	011	grc	362	Religion	Hymns
Julian the Emperor	Hymn to the Mother of the Gods	2003	008	grc	362	Religion	Hymns
Julian the Emperor	Letter to the Senate and the People of Athens	2003	005	grc	361	Essays	Essay
Julian the Emperor	Misopogon	2003	012	grc	363	Essays	Essay
Julian the Emperor	Panegyric in Honor of the Emperor Constantinus	2003	001	grc	356	Oratory	Oratory
Julian the Emperor	Panegyric on the Empress Eusebia	2003	002	grc	357	Oratory	Oratory
Julian the Emperor	The Caesars	2003	010	grc	362	Oratory	Oratory
Julian the Emperor	The Heroic Deeds of the Emperor Constantius, or on Kingship	2003	003	grc	357	Oratory	Oratory
Julian the Emperor	To the Cynic Heracleios	2003	007	grc	362	Oratory	Oratory
Julian the Emperor	To the Uneducated Cynics	2003	009	grc	362	Oratory	Oratory
Longinus	De Sublimitate	0560	001	grc	0	Technical	Rhetoric, poetics, criticism
Longus	Daphnis et Chloe	0561	001	grc	150	Narrative	Novel
Lucian	Abdicatus	0062	052	grc	145	Essays	Essay
Lucian	Adversus indoctum et libros multos ementem	0062	028	grc	185	Essays	Essay
Lucian	Alexander	0062	038	grc	170	Essays	Essay
Lucian	Anacharsis	0062	034	grc	170	Essays	Essay
Lucian	Apologia	0062	059	grc	170	Essays	Essay
Lucian	Bacchus	0062	003	grc	170	Essays	Essay
Lucian	Bis accusatus sive tribunalia	0062	026	grc	175	Essays	Essay
Lucian	Calumniae non temere credundum	0062	013	grc	170	Essays	Essay
Lucian	Cataplus	0062	016	grc	175	Essays	Essay
Lucian	Contemplantes	0062	023	grc	175	Essays	Essay
Lucian	De Domo	0062	009	grc	145	Essays	Essay
Lucian	De Syria dea	0062	041	grc	170	Essays	Essay
Lucian	De astrologia	0062	048	grc	170	Essays	Essay
Lucian	De luctu	0062	036	grc	170	Essays	Essay
Lucian	De mercede	0062	033	grc	170	Essays	Essay
Lucian	De morte Peregrini	0062	042	grc	169	Essays	Essay
Lucian	De parasito sive artem esse parasiticam	0062	030	grc	170	Essays	Essay
Lucian	De sacrificiis	0062	027	grc	170	Essays	Essay
Lucian	De saltatione	0062	045	grc	170	Essays	Essay
Lucian	Dearum judicium	0062	032	grc	170	Essays	Essay
Lucian	Demonax	0062	008	grc	185	Essays	Essay
Lucian	Deorum concilium	0062	050	grc	170	Essays	Essay
Lucian	Dialogi Marini	0062	067	grc	175	Essays	Essay
Lucian	Dialogi deorum	0062	068	grc	175	Essays	Essay
Lucian	Dialogi meretricii	0062	069	grc	175	Essays	Essay
Lucian	Dialogi mortuorum	0062	066	grc	175	Essays	Essay
Lucian	Dipsades	0062	054	grc	145	Essays	Essay
Lucian	Electrum	0062	005	grc	170	Essays	Essay
Lucian	Eunuchus	0062	047	grc	170	Essays	Essay
Lucian	Fugitivi	0062	043	grc	170	Essays	Essay
Lucian	Gallus	0062	019	grc	175	Essays	Essay
Lucian	Harmonides	0062	060	grc	170	Essays	Essay
Lucian	Hercules	0062	004	grc	170	Essays	Essay
Lucian	Hermotimus	0062	063	grc	150	Essays	Essay
Lucian	Herodotus	0062	056	grc	170	Essays	Essay
Lucian	Hesiod	0062	061	grc	170	Essays	Essay
Lucian	Hippias	0062	002	grc	170	Essays	Essay
Lucian	Icaromenippus	0062	021	grc	175	Essays	Essay
Lucian	Imagines	0062	039	grc	165	Essays	Essay
Lucian	Judicium vocalium	0062	014	grc	200	Essays	Essay
Lucian	Juppiter confuatus	0062	017	grc	175	Essays	Essay
Lucian	Juppiter trageodeus	0062	018	grc	175	Essays	Essay
Lucian	Lexiphanes	0062	046	grc	185	Essays	Essay
Lucian	Macrobii	0062	011	grc	170	Essays	Essay
Lucian	Muscae Encomium	0062	006	grc	145	Essays	Essay
Lucian	Navigium	0062	065	grc	175	Essays	Essay
Lucian	Necyomantia	0062	035	grc	175	Essays	Essay
Lucian	Nigrinus	0062	007	grc	150	Essays	Essay
Lucian	Patriae Encomium	0062	010	grc	165	Essays	Essay
Lucian	Phalaris	0062	001	grc	145	Essays	Essay
Lucian	Philopsuedes sive incredulus	0062	031	grc	175	Essays	Essay
Lucian	Piscator	0062	025	grc	175	Essays	Essay
Lucian	Podagra	0062	071	grc	170	Essays	Essay
Lucian	Pro imaginibus	0062	040	grc	165	Essays	Essay
Lucian	Pro lapsu inter salutandum	0062	058	grc	170	Essays	Essay
Lucian	Prometheus	0062	020	grc	170	Essays	Essay
Lucian	Prometheus es in verbis	0062	064	grc	170	Essays	Essay
Lucian	Pseudologista	0062	049	grc	170	Essays	Essay
Lucian	Quomodo historia conscribenda sit	0062	053	grc	165	Essays	Essay
Lucian	Rhetorum praeceptor	0062	037	grc	185	Essays	Essay
Lucian	Saturnalia	0062	055	grc	170	Essays	Essay
Lucian	Scytha	0062	062	grc	170	Essays	Essay
Lucian	Soleocista	0062	070	grc	175	Essays	Essay
Lucian	Somnium sive vita Luciani	0062	029	grc	170	Essays	Essay
Lucian	Symposium	0062	015	grc	170	Essays	Essay
Lucian	Timon	0062	022	grc	175	Essays	Essay
Lucian	Toxaris vel amicitia	0062	044	grc	163	Essays	Essay
Lucian	Tyrannicida	0062	051	grc	145	Essays	Essay
Lucian	Verae Historiae	0062	012	grc	175	Narrative	Novel
Lucian	Vitarum auctio	0062	024	grc	175	Essays	Essay
Lucian	Zeuxis	0062	057	grc	170	Essays	Essay
Lycophron	Alexandra	0341	002	grc	-270	Poetry	Epic
Lycurgus	Against Leocrates	0034	001	grc	-330	Oratory	Oratory
Lysias	Accusation of Calumny	0540	008	grc	-400	Oratory	Oratory
Lysias	Against Agoratus	0540	013	grc	-399	Oratory	Oratory
Lysias	Against Alcibiades 1	0540	014	grc	-395	Oratory	Oratory
Lysias	Against Alcibiades 2	0540	015	grc	-395	Oratory	Oratory
Lysias	Against Andocides	0540	006	grc	-400	Oratory	Oratory
Lysias	Against Diogeiton	0540	032	grc	-399	Oratory	Oratory
Lysias	Against Epicrates and his Fellow-envoys	0540	027	grc	-390	Oratory	Oratory
Lysias	Against Eratosthenes	0540	012	grc	-403	Oratory	Oratory
Lysias	Against Ergocles	0540	028	grc	-388	Oratory	Oratory
Lysias	Against Nicomachus	0540	030	grc	-399	Oratory	Oratory
Lysias	Against Pancleon	0540	023	grc	-400	Oratory	Oratory
Lysias	Against Philocrates	0540	029	grc	-388	Oratory	Oratory
Lysias	Against Philon	0540	031	grc	-398	Oratory	Oratory
Lysias	Against Simon	0540	003	grc	-393	Oratory	Oratory
Lysias	Against The Corn-Dealers	0540	022	grc	-386	Oratory	Oratory
Lysias	Against The Subversion of the Ancestral Constitution	0540	034	grc	-403	Oratory	Oratory
Lysias	Against Theomnestus 1	0540	010	grc	-384	Oratory	Oratory
Lysias	Against Theomnestus 2	0540	011	grc	-384	Oratory	Oratory
Lysias	Defense Against A Charge Of Taking Bribes	0540	021	grc	-403	Oratory	Oratory
Lysias	Defense Against a Charge of Subverting the Democracy	0540	025	grc	-400	Oratory	Oratory
Lysias	Defense in the Matter of the Olive Stump	0540	007	grc	-396	Oratory	Oratory
Lysias	For Callias	0540	005	grc	-400	Oratory	Oratory
Lysias	For Polystratus	0540	020	grc	-410	Oratory	Oratory
Lysias	For The Soldier	0540	009	grc	-395	Oratory	Oratory
Lysias	Funeral Oration	0540	002	grc	-392	Oratory	Oratory
Lysias	In Defense of Mantitheus	0540	016	grc	-392	Oratory	Oratory
Lysias	Olympic Oration	0540	033	grc	-388	Oratory	Oratory
Lysias	On A Wound By Premeditation	0540	004	grc	-400	Oratory	Oratory
Lysias	On The Property Of Eraton	0540	017	grc	-397	Oratory	Oratory
Lysias	On The Refusal Of A Pension	0540	024	grc	-403	Oratory	Oratory
Lysias	On the Confiscation of the Property Of The Brother Of Nicias	0540	018	grc	-396	Oratory	Oratory
Lysias	On the Murder of Eratosthenes	0540	001	grc	-400	Oratory	Oratory
Lysias	On the Property of Aristophanes	0540	019	grc	-388	Oratory	Oratory
Lysias	On the Scrutiny of Evandros	0540	026	grc	-382	Oratory	Oratory
Marcus Aurelius	Ad se ipsum	0562	001	grc	180	Philosophy	Philosophy
Moschus	Epitaphius Bios	0035	003	grc	-150	Poetry	Bucolic
Moschus	Eros Drapeta	0035	001	grc	-150	Poetry	Bucolic
Moschus	Europa	0035	002	grc	-150	Poetry	Bucolic
Moschus	Megara	0035	004	grc	-150	Poetry	Bucolic
New Testament	1 Corinthians	0031	007	grc	56	Religion	Theology
New Testament	1 John	0031	023	grc	90	Religion	Theology
New Testament	1 Peter	0031	021	grc	75	Religion	Theology
New Testament	1 Thessalonians	0031	013	grc	51	Religion	Theology
New Testament	1 Timothy	0031	015	grc	100	Religion	Theology
New Testament	2 Corinthians	0031	008	grc	56	Religion	Theology
New Testament	2 John	0031	024	grc	90	Religion	Theology
New Testament	2 Peter	0031	022	grc	110	Religion	Theology
New Testament	2 Thessalonians	0031	014	grc	51	Religion	Theology
New Testament	2 Timothy	0031	016	grc	100	Religion	Theology
New Testament	3 John	0031	025	grc	90	Religion	Theology
New Testament	Acts	0031	005	grc	95	Religion	Narrative
New Testament	Colossians	0031	012	grc	62	Religion	Theology
New Testament	Ephesians	0031	010	grc	80	Religion	Theology
New Testament	Galatians	0031	009	grc	55	Religion	Theology
New Testament	Hebrews	0031	019	grc	80	Religion	Theology
New Testament	James	0031	020	grc	65	Religion	Theology
New Testament	John	0031	004	grc	90	Religion	Narrative
New Testament	Jude	0031	026	grc	100	Religion	Theology
New Testament	Luke	0031	003	grc	80	Religion	Narrative
New Testament	Mark	0031	002	grc	68	Religion	Narrative
New Testament	Matthew	0031	001	grc	80	Religion	Narrative
New Testament	Philemon	0031	018	grc	54	Religion	Theology
New Testament	Philippians	0031	011	grc	54	Religion	Theology
New Testament	Revelation	0031	027	grc	95	Religion	Narrative
New Testament	Romans	0031	006	grc	57	Religion	Theology
New Testament	Titus	0031	017	grc	100	Religion	Theology
Nonnus	Dionysiaca	2045	001	grc	400	Poetry	Epic
Onasander	Strategicus	0648	001	grc	50	Technical	Military
Oppian	Halieutica	0023	001	grc	171	Poetry	Didactic
Oppian of Apamaea	Cynegetica	0024	001	grc	211	Poetry	Didactic
Parthenius of Nicaea	Narrationes Amatoriae	0655	001	grc	-20	Poetry	Erotic
Pausanias	Description of Greece	0525	001	grc	176	Technical	Geography
Philostratus of Lemnos	Imagines	1600	001	grc	230	Technical	Art History
Philostratus the Athenian	De Gymnastica	0638	007	grc	220	Essays	Essay
Philostratus the Athenian	Epistulae et dialexeis	0638	006	grc	220	Letters	Letters
Philostratus the Athenian	Heroicus	0638	004	grc	213	Essays	Essay
Philostratus the Athenian	Nero	0638	005	grc	217	Essays	Essay
Philostratus the Athenian	Vita Apollonii	0638	001	grc	238	Narrative	Biography
Philostratus the Athenian	Vitae Sophistarum	0638	003	grc	237	Narrative	Biography
Philostratus the Younger	Imagines	0652	001	grc	250	Technical	Art History
Pindar	Isthmians	0033	004	grc	-480	Poetry	Choral
Pindar	Nemeans	0033	003	grc	-485	Poetry	Choral
Pindar	Olympians	0033	001	grc	-488	Poetry	Choral
Pindar	Pythians	0033	002	grc	-498	Poetry	Choral
Plato	Alcibiades 1	0059	013	grc	-390	Philosophy	Philosophy
Plato	Alcibiades 2	0059	014	grc	-300	Philosophy	Philosophy
Plato	Apology	0059	002	grc	-395	Philosophy	Philosophy
Plato	Charmides	0059	018	grc	-395	Philosophy	Philosophy
Plato	Cleitophon	0059	029	grc	-355	Philosophy	Philosophy
Plato	Cratylus	0059	005	grc	-375	Philosophy	Philosophy
Plato	Critias	0059	032	grc	-355	Philosophy	Philosophy
Plato	Crito	0059	003	grc	-395	Philosophy	Philosophy
Plato	Epinomis	0059	035	grc	-350	Philosophy	Philosophy
Plato	Epistles	0059	036	grc	-355	Philosophy	Philosophy
Plato	Euthydemus	0059	021	grc	-375	Philosophy	Philosophy
Plato	Euthyphro	0059	001	grc	-395	Philosophy	Philosophy
Plato	Gorgias	0059	023	grc	-395	Philosophy	Philosophy
Plato	Hipparchus	0059	015	grc	-350	Philosophy	Philosophy
Plato	Hippias Major	0059	025	grc	-395	Philosophy	Philosophy
Plato	Hippias Minor	0059	026	grc	-395	Philosophy	Philosophy
Plato	Ion	0059	027	grc	-395	Philosophy	Philosophy
Plato	Laches	0059	019	grc	-395	Philosophy	Philosophy
Plato	Laws	0059	034	grc	-355	Philosophy	Philosophy
Plato	Lovers	0059	016	grc	-395	Philosophy	Philosophy
Plato	Lysis	0059	020	grc	-395	Philosophy	Philosophy
Plato	Menexenus	0059	028	grc	-375	Philosophy	Philosophy
Plato	Meno	0059	024	grc	-375	Philosophy	Philosophy
Plato	Minos	0059	033	grc	-350	Philosophy	Philosophy
Plato	Parmenides	0059	009	grc	-375	Philosophy	Philosophy
Plato	Phaedo	0059	004	grc	-375	Philosophy	Philosophy
Plato	Phaedrus	0059	012	grc	-375	Philosophy	Philosophy
Plato	Philebus	0059	010	grc	-355	Philosophy	Philosophy
Plato	Protagoras	0059	022	grc	-395	Philosophy	Philosophy
Plato	Republic	0059	030	grc	-375	Philosophy	Philosophy
Plato	Sophist	0059	007	grc	-365	Philosophy	Philosophy
Plato	Statesman	0059	008	grc	-365	Philosophy	Philosophy
Plato	Symposium	0059	011	grc	-375	Philosophy	Philosophy
Plato	Theaetetus	0059	006	grc	-375	Philosophy	Philosophy
Plato	Theages	0059	017	grc	-345	Philosophy	Philosophy
Plato	Timaeus	0059	031	grc	-355	Philosophy	Philosophy
Plotinus	Enneads	2000	001	grc	270	Philosophy	Philosophy
Plutarch	Ad principem ineruditum	0007	116	grc	95	Essays	Essay
Plutarch	Adversus Colotem	0007	140	grc	95	Essays	Essay
Plutarch	Aemilius Paulus	0007	019	grc	95	Narrative	Biography
Plutarch	Agesilaus	0007	044	grc	95	Narrative	Biography
Plutarch	Agis	0007	051a	grc	95	Narrative	Biography
Plutarch	Alcibiades	0007	015	grc	95	Narrative	Biography
Plutarch	Alexander	0007	047	grc	95	Narrative	Biography
Plutarch	Amatoriae narrationes	0007	114	grc	95	Essays	Essay
Plutarch	Amatorius	0007	113	grc	95	Essays	Essay
Plutarch	An Recte Dictum Sit Latenter Esse Vivendum	0007	141	grc	95	Essays	Essay
Plutarch	An seni respublica gerenda sit	0007	117	grc	95	Essays	Essay
Plutarch	An virtus doceri possit	0007	093	grc	95	Essays	Essay
Plutarch	An vitiositas ad infelicitatem sufficia	0007	099	grc	95	Essays	Essay
Plutarch	Animine an corporis affectiones sint peiores	0007	100	grc	95	Essays	Essay
Plutarch	Antony	0007	058	grc	95	Narrative	Biography
Plutarch	Apophthegmata Laconica	0007	082	grc	95	Essays	Essay
Plutarch	Aquane an ignis sit utilior	0007	128	grc	95	Essays	Essay
Plutarch	Aratus	0007	063	grc	95	Narrative	Biography
Plutarch	Aristides	0007	024	grc	95	Narrative	Biography
Plutarch	Artaxerxes	0007	064	grc	95	Narrative	Biography
Plutarch	Bruta animalia ratione uti	0007	130	grc	95	Essays	Essay
Plutarch	Brutus	0007	061	grc	95	Narrative	Biography
Plutarch	Caesar	0007	048	grc	95	Narrative	Biography
Plutarch	Caius Gracchus	0007	052b	grc	95	Narrative	Biography
Plutarch	Caius Marcius Coriolanus	0007	016	grc	95	Narrative	Biography
Plutarch	Caius Marius	0007	031	grc	95	Narrative	Biography
Plutarch	Camillus	0007	011	grc	95	Narrative	Biography
Plutarch	Cato the Younger	0007	050	grc	95	Narrative	Biography
Plutarch	Cicero	0007	055	grc	95	Narrative	Biography
Plutarch	Cimon	0007	035	grc	95	Narrative	Biography
Plutarch	Cleomenes	0007	051b	grc	95	Narrative	Biography
Plutarch	Comparationis Aristophanis et Menandri compendium	0007	122	grc	95	Narrative	Biography
Plutarch	Comparison of Agesilaus and Pompey	0007	046	grc	95	Narrative	Biography
Plutarch	Comparison of Agis and Cleomenes and the Gracchi	0007	053	grc	95	Narrative	Biography
Plutarch	Comparison of Alcibiades and Coriolanus	0007	017	grc	95	Narrative	Biography
Plutarch	Comparison of Aristides with Marcus Cato	0007	026	grc	95	Narrative	Biography
Plutarch	Comparison of Demetrius and Antony	0007	059	grc	95	Narrative	Biography
Plutarch	Comparison of Demosthenes with Cicero	0007	056	grc	95	Narrative	Biography
Plutarch	Comparison of Dion and Brutus	0007	062	grc	95	Narrative	Biography
Plutarch	Comparison of Lucullus and Cimon	0007	037	grc	95	Narrative	Biography
Plutarch	Comparison of Lycurgus and Numa	0007	006	grc	95	Narrative	Biography
Plutarch	Comparison of Lysander and Sulla	0007	034	grc	95	Narrative	Biography
Plutarch	Comparison of Nicias and Crassus	0007	040	grc	95	Narrative	Biography
Plutarch	Comparison of Pelopidas and Marcellus	0007	023	grc	95	Narrative	Biography
Plutarch	Comparison of Pericles and Fabius Maximus	0007	014	grc	95	Narrative	Biography
Plutarch	Comparison of Philopoemen and Titus	0007	029	grc	95	Narrative	Biography
Plutarch	Comparison of Sertorius and Eumenes	0007	043	grc	95	Narrative	Biography
Plutarch	Comparison of Solon and Publicola	0007	009	grc	95	Narrative	Biography
Plutarch	Comparison of Theseus and Romulus	0007	003	grc	95	Narrative	Biography
Plutarch	Comparison of Timoleon and Aemilius	0007	020	grc	95	Narrative	Biography
Plutarch	Compendium Argumenti Stoicos absurdiora poetis dicere	0007	137	grc	95	Essays	Essay
Plutarch	Compendium libri de animae procreatione in Timaeo	0007	135	grc	95	Essays	Essay
Plutarch	Conjugalia Praecepta	0007	078	grc	95	Essays	Essay
Plutarch	Consolatio ad Apollonium	0007	076	grc	95	Oratory	Oratory
Plutarch	Consolatio ad uxorem	0007	111	grc	95	Oratory	Oratory
Plutarch	Crassus	0007	039	grc	95	Narrative	Biography
Plutarch	De Alexandri magni fortuna aut virtute	0007	087	grc	95	Essays	Essay
Plutarch	De E apud Delphos	0007	090	grc	95	Essays	Essay
Plutarch	De Herodoti malignitate	0007	123	grc	95	Essays	Essay
Plutarch	De Iside et Osiride	0007	089	grc	95	Essays	Essay
Plutarch	De Pythiae oraculis	0007	091	grc	95	Essays	Essay
Plutarch	De Recta Ratione Audiendi	0007	069	grc	95	Essays	Essay
Plutarch	De Se Ipsum Citra Invidiam Laudando	0007	106	grc	95	Essays	Essay
Plutarch	De Stoicorum repugnantiis	0007	136	grc	95	Essays	Essay
Plutarch	De amicorum multitudine	0007	073	grc	95	Essays	Essay
Plutarch	De amore prolis	0007	098	grc	95	Essays	Essay
Plutarch	De animae procreatione in Timaeo	0007	134	grc	95	Essays	Essay
Plutarch	De capienda ex inimicis utilitate	0007	072	grc	95	Essays	Essay
Plutarch	De cohibenda ira	0007	095	grc	95	Essays	Essay
Plutarch	De communibus notitiis adversus Stoicos	0007	138	grc	95	Essays	Essay
Plutarch	De cupiditate divitiarum	0007	103	grc	95	Essays	Essay
Plutarch	De curiositate	0007	102	grc	95	Essays	Essay
Plutarch	De defectu oraculorum	0007	092	grc	95	Essays	Essay
Plutarch	De esu carnium I	0007	131	grc	95	Essays	Essay
Plutarch	De esu carnium II	0007	132	grc	95	Essays	Essay
Plutarch	De exilio	0007	110	grc	95	Essays	Essay
Plutarch	De faciae quae in orbe lunae apparet	0007	126	grc	95	Essays	Essay
Plutarch	De fato	0007	108	grc	95	Essays	Essay
Plutarch	De fortuna	0007	074	grc	95	Essays	Essay
Plutarch	De fortuna Romanorum	0007	086	grc	95	Essays	Essay
Plutarch	De fraterno amore	0007	097	grc	95	Essays	Essay
Plutarch	De garrulitate	0007	101	grc	95	Essays	Essay
Plutarch	De genio Socratis	0007	109	grc	95	Essays	Essay
Plutarch	De gloria Atheniensium	0007	088	grc	95	Essays	Essay
Plutarch	De invidia et odio	0007	105	grc	95	Essays	Essay
Plutarch	De liberis educandis	0007	067	grc	95	Essays	Essay
Plutarch	De primo frigido	0007	127	grc	95	Essays	Essay
Plutarch	De sera numinis vindicta	0007	107	grc	95	Essays	Essay
Plutarch	De sollertia animalium	0007	129	grc	95	Essays	Essay
Plutarch	De superstitione	0007	080	grc	95	Essays	Essay
Plutarch	De tranquilitate animi	0007	096	grc	95	Essays	Essay
Plutarch	De tuenda sanitate praecepta	0007	077	grc	95	Essays	Essay
Plutarch	De unius in republica dominatione	0007	119	grc	95	Essays	Essay
Plutarch	De virtute et vitio	0007	075	grc	95	Essays	Essay
Plutarch	De virtute morali	0007	094	grc	95	Essays	Essay
Plutarch	De vitando aere alieno	0007	120	grc	95	Essays	Essay
Plutarch	De vitioso pudore	0007	104	grc	95	Essays	Essay
Plutarch	Demetrius	0007	057	grc	95	Narrative	Biography
Plutarch	Demosthenes	0007	054	grc	95	Narrative	Biography
Plutarch	Dion	0007	060	grc	95	Narrative	Biography
Plutarch	Eumenes	0007	041	grc	95	Narrative	Biography
Plutarch	Fabius Maximus	0007	013	grc	95	Narrative	Biography
Plutarch	Galba	0007	065	grc	95	Narrative	Biography
Plutarch	Instituta Laconica	0007	082a	grc	95	Essays	Essay
Plutarch	Lacaenarum Apophthegmata	0007	082b	grc	95	Essays	Essay
Plutarch	Lucullus	0007	036	grc	95	Narrative	Biography
Plutarch	Lycurgus	0007	004	grc	95	Narrative	Biography
Plutarch	Lysander	0007	032	grc	95	Narrative	Biography
Plutarch	Marcellus	0007	022	grc	95	Narrative	Biography
Plutarch	Marcus Cato	0007	025	grc	95	Narrative	Biography
Plutarch	Maxime cum principbus philosopho esse diserendum	0007	115	grc	95	Essays	Essay
Plutarch	Mulierum virtutes	0007	083	grc	95	Essays	Essay
Plutarch	Nicias	0007	038	grc	95	Narrative	Biography
Plutarch	Non posse suaviter vivi secundum Epicurum	0007	139	grc	95	Essays	Essay
Plutarch	Numa	0007	005	grc	95	Narrative	Biography
Plutarch	Otho	0007	066	grc	95	Narrative	Biography
Plutarch	Parallela minora	0007	085	grc	95	Narrative	Biography
Plutarch	Pelopidas	0007	021	grc	95	Narrative	Biography
Plutarch	Pericles	0007	012	grc	95	Narrative	Biography
Plutarch	Philopoemen	0007	027	grc	95	Narrative	Biography
Plutarch	Phocion	0007	049	grc	95	Narrative	Biography
Plutarch	Platonicae quaestiones	0007	133	grc	95	Essays	Essay
Plutarch	Pompey	0007	045	grc	95	Narrative	Biography
Plutarch	Praecepta gerendae reipublicae	0007	118	grc	95	Essays	Essay
Plutarch	Publicola	0007	008	grc	95	Narrative	Biography
Plutarch	Pyrrhus	0007	030	grc	95	Narrative	Biography
Plutarch	Quaestiones Convivales	0007	112	grc	95	Essays	Essay
Plutarch	Quaestiones Graecae	0007	084b	grc	95	Essays	Essay
Plutarch	Quaestiones Naturales	0007	125	grc	95	Essays	Essay
Plutarch	Quaestiones Romanae	0007	084a	grc	95	Essays	Essay
Plutarch	Quomodo adolescens poetas audire debeat	0007	068	grc	95	Essays	Essay
Plutarch	Quomodo adulator ab amico internoscatur	0007	070	grc	95	Essays	Essay
Plutarch	Quomodo quis suos in virtute sentiat profectus	0007	071	grc	95	Essays	Essay
Plutarch	Regum et imperatorum apophthegmata	0007	081	grc	95	Essays	Essay
Plutarch	Romulus	0007	002	grc	95	Narrative	Biography
Plutarch	Septem sapientium convivium	0007	079	grc	95	Essays	Essay
Plutarch	Sertorius	0007	042	grc	95	Narrative	Biography
Plutarch	Solon	0007	007	grc	95	Narrative	Biography
Plutarch	Sulla	0007	033	grc	95	Narrative	Biography
Plutarch	Themistocles	0007	010	grc	95	Narrative	Biography
Plutarch	Theseus	0007	001	grc	95	Narrative	Biography
Plutarch	Tiberius Gracchus	0007	052a	grc	95	Narrative	Biography
Plutarch	Timoleon	0007	018	grc	95	Narrative	Biography
Plutarch	Titus Flamininus	0007	028	grc	95	Narrative	Biography
Plutarch	Vitae decem oratorum	0007	121	grc	95	Narrative	Biography
Polybius	Histories	0543	001	grc	-250	Narrative	History
Pseudo Apollodorus	Library	0548	001	grc	100	Narrative	Mythology
Pseudo-Aristides	Ars Rhetorica	0284	056	grc	200	Technical	Rhetoric, poetics, criticism
Pseudo-Plutarch	De musica	0094	002	grc	200	Essays	Essay
Pseudo-Plutarch	Placita Philosophorum	0094	003	grc	200	Essays	Essay
Quintus Smyrnaeus	Fall of Troy	2046	001	grc	350	Poetry	Epic
Septuaginta	Abdias	0527	040	grc	-150	Religion	Narrative
Septuaginta	Aggaeus	0527	045	grc	-150	Religion	Narrative
Septuaginta	Amos	0527	037	grc	-150	Religion	Narrative
Septuaginta	Baruch	0527	050	grc	-150	Religion	Narrative
Septuaginta	Bel et Draco (LXX)	0527	058	grc	-150	Religion	Narrative
Septuaginta	Canticum	0527	031	grc	-150	Religion	Narrative
Septuaginta	Daniel (LXX)	0527	056	grc	-150	Religion	Narrative
Septuaginta	Deuteronomium	0527	005	grc	-250	Religion	Narrative
Septuaginta	Ecclesiastes	0527	030	grc	-150	Religion	Narrative
Septuaginta	Epistula Jeremiae	0527	052	grc	-150	Religion	Narrative
Septuaginta	Esdras I	0527	017	grc	-150	Religion	Narrative
Septuaginta	Esdras II	0527	018	grc	-150	Religion	Narrative
Septuaginta	Esther	0527	019	grc	-150	Religion	Narrative
Septuaginta	Exodus	0527	002	grc	-250	Religion	Narrative
Septuaginta	Ezechiel	0527	053	grc	-150	Religion	Narrative
Septuaginta	Genesis	0527	001	grc	-250	Religion	Narrative
Septuaginta	Habacuc	0527	043	grc	-150	Religion	Narrative
Septuaginta	Isaias	0527	048	grc	-150	Religion	Narrative
Septuaginta	Jeremias	0527	049	grc	-150	Religion	Narrative
Septuaginta	Job	0527	032	grc	-150	Religion	Narrative
Septuaginta	Joel	0527	039	grc	-150	Religion	Narrative
Septuaginta	Jonas	0527	041	grc	-150	Religion	Narrative
Septuaginta	Josue (cod. Vat.)	0527	007	grc	-150	Religion	Narrative
Septuaginta	Judices (cod. Al.)	0527	008	grc	-150	Religion	Narrative
Septuaginta	Judith	0527	020	grc	-150	Religion	Narrative
Septuaginta	Lamentationes	0527	051	grc	-150	Religion	Narrative
Septuaginta	Leviticus	0527	003	grc	-250	Religion	Narrative
Septuaginta	Machabaeorum I	0527	023	grc	-150	Religion	Narrative
Septuaginta	Machabaeorum II	0527	024	grc	-150	Religion	Narrative
Septuaginta	Machabaeorum IV	0527	026	grc	-150	Religion	Narrative
Septuaginta	Machabaeourum III	0527	025	grc	-150	Religion	Narrative
Septuaginta	Malachias	0527	047	grc	-150	Religion	Narrative
Septuaginta	Michaeas	0527	038	grc	-150	Religion	Narrative
Septuaginta	Nahum	0527	042	grc	-150	Religion	Narrative
Septuaginta	Numeri	0527	004	grc	-250	Religion	Narrative
Septuaginta	Odae	0527	028	grc	-150	Religion	Narrative
Septuaginta	Osee	0527	036	grc	-150	Religion	Narrative
Septuaginta	Paralipomenon I	0527	015	grc	-150	Religion	Narrative
Septuaginta	Paralipomenon II	0527	016	grc	-150	Religion	Narrative
Septuaginta	Proverbia	0527	029	grc	-150	Religion	Narrative
Septuaginta	Psalmi	0527	027	grc	-150	Religion	Psalms
Septuaginta	Psalmi Salomonis	0527	035	grc	-150	Religion	Psalms
Septuaginta	Regnorum I	0527	011	grc	-150	Religion	Narrative
Septuaginta	Regnorum II	0527	012	grc	-150	Religion	Narrative
Septuaginta	Regnorum III	0527	013	grc	-150	Religion	Narrative
Septuaginta	Regnorum IV	0527	014	grc	-150	Religion	Narrative
Septuaginta	Ruth	0527	010	grc	-150	Religion	Narrative
Septuaginta	Sapientia Salomonis	0527	033	grc	-150	Religion	Narrative
Septuaginta	Siracides	0527	034	grc	-150	Religion	Narrative
Septuaginta	Sophonias	0527	044	grc	-150	Religion	Narrative
Septuaginta	Susanna (LXX)	0527	054	grc	-150	Religion	Narrative
Septuaginta	Tobias (cod. Vat. et Alex.)	0527	021	grc	-150	Religion	Narrative
Septuaginta	Zacharias	0527	046	grc	-150	Religion	Narrative
Sophocles	Ajax	0011	003	grc	-442	Tragedy	Tragedy
Sophocles	Antigone	0011	002	grc	-442	Tragedy	Tragedy
Sophocles	Electra	0011	005	grc	-405	Tragedy	Tragedy
Sophocles	Ichneutae	0011	008	grc	-445	Tragedy	Tragedy
Sophocles	Oedipus Tyrannus	0011	004	grc	-429	Tragedy	Tragedy
Sophocles	Oedipus at Colonus	0011	007	grc	-401	Tragedy	Tragedy
Sophocles	Philoctetes	0011	006	grc	-409	Tragedy	Tragedy
Sophocles	Trachiniae	0011	001	grc	-450	Tragedy	Tragedy
Strabo	Geography	0099	001	grc	-7	Technical	Geography
Theocritus	Epigrams	0005	002	grc	-270	Poetry	Epigrams
Theocritus	Idylls	0005	001	grc	-270	Poetry	Bucolic
Theophrastus	Characters	0093	009	grc	-300	Philosophy	Philosophy
Thucydides	History	0003	001	grc	-400	Narrative	History
Triphiodorus	The Taking of Ilios	0647	001	grc	250	Poetry	Epic
Xenophon	Agesilaus	0032	009	grc	-355	Narrative	Biography
Xenophon	Anabasis	0032	006	grc	-370	Narrative	History
Xenophon	Apology	0032	005	grc	-371	Philosophy	Philosophy
Xenophon	Constitution of the Lacedaemonians	0032	010	grc	-370	Technical	Politics
Xenophon	Cyropaedia	0032	007	grc	-370	Narrative	Biography
Xenophon	Economics	0032	003	grc	-362	Philosophy	Philosophy
Xenophon	Hellenica	0032	001	grc	-360	Narrative	History
Xenophon	Hiero	0032	008	grc	-360	Philosophy	Philosophy
Xenophon	Memorabilia	0032	002	grc	-371	Philosophy	Philosophy
Xenophon	On Hunting	0032	014	grc	-355	Technical	Hunting
Xenophon	On the Art of Horsemanship	0032	013	grc	-355	Technical	Horsemanship
Xenophon	On the Cavalry Commander	0032	012	grc	-355	Technical	Military
Xenophon	Symposium	0032	004	grc	-360	Philosophy	Philosophy
Xenophon	Ways and Means	0032	011	grc	-354	Essays	Essay
Xenophon of Ephesus	Ephesiaca	0641	001	grc	110	Narrative	Novel
